"NFICode";"NFIName";"originalName";"originalNameAuthorship";"acceptedName";"acceptedNameAuthorship";"family";"genus";"specificEpithet";"taxonRank"
31;"Abies alba";"Abies alba";"Mill.";"Abies alba";"Mill.";"Pinaceae";"Abies";"alba";"species"
32;"Abies pinsapo";"Abies pinsapo";"Boiss.";"Abies pinsapo";"Boiss.";"Pinaceae";"Abies";"pinsapo";"species"
307;"Acacia dealbata";"Acacia dealbata";"Link";"Acacia dealbata";"Link";"Fabaceae";"Acacia";"dealbata";"species"
207;"Acacia melanoxylon";"Acacia melanoxylon";"R.Br. in W.T.Aiton";"Acacia melanoxylon";"R.Br.";"Fabaceae";"Acacia";"melanoxylon";"species"
7;"Acacia spp.";"Acacia";;"Acacia";"Mill.";"Fabaceae";"Acacia";;"genus"
76;"Acer campestre";"Acer campestre";"L.";"Acer campestre";"L.";"Sapindaceae";"Acer";"campestre";"species"
276;"Acer monspessulanum";"Acer monspessulanum";"L.";"Acer monspessulanum";"L.";"Sapindaceae";"Acer";"monspessulanum";"species"
376;"Acer negundo";"Acer negundo";"L.";"Acer negundo";"L.";"Sapindaceae";"Acer";"negundo";"species"
476;"Acer opalus";"Acer opalus";"Mill.";"Acer opalus";"Mill.";"Sapindaceae";"Acer";"opalus";"species"
676;"Acer platanoides";"Acer platanoides";"L.";"Acer platanoides";"L.";"Sapindaceae";"Acer";"platanoides";"species"
576;"Acer pseudoplatanus";"Acer pseudoplatanus";"L.";"Acer pseudoplatanus";"L.";"Sapindaceae";"Acer";"pseudoplatanus";"species"
776;"Acer spp.";"Acer";;"Acer";"L.";"Sapindaceae";"Acer";;"genus"
976;"Acer spp.";"Acer";;"Acer";"L.";"Sapindaceae";"Acer";;"genus"
1163;"Adenocarpus decorticans";"Adenocarpus decorticans";"Boiss.";"Adenocarpus decorticans";"Boiss.";"Fabaceae";"Adenocarpus";"decorticans";"species"
2163;"Adenocarpus gibbsianus";"Adenocarpus gibbsianus";"Castrov. & Talavera";"Adenocarpus complicatus  subsp. aureus";"(Cav.) C.Vicioso";"Fabaceae";"Adenocarpus";"complicatus";"subspecies"
2103;"Adenocarpus spp.";"Adenocarpus";;"Adenocarpus";"DC.";"Fabaceae";"Adenocarpus";;"genus"
3163;"Adenocarpus telonensis";"Adenocarpus telonensis";"(Loisel.) DC. in Lam. & DC.";"Adenocarpus telonensis";"(Loisel.) DC.";"Fabaceae";"Adenocarpus";"telonensis";"species"
10103;"Adenocarpus telonensis";"Adenocarpus telonensis";"(Loisel.) DC. in Lam. & DC.";"Adenocarpus telonensis";"(Loisel.) DC.";"Fabaceae";"Adenocarpus";"telonensis";"species"
11;"Ailanthus altissima";"Ailanthus altissima";"(Mill.) Swingle";"Ailanthus altissima";"(Mill.) Swingle";"Simaroubaceae";"Ailanthus";"altissima";"species"
54;"Alnus glutinosa";"Alnus glutinosa";"(L.) Gaertn.";"Alnus glutinosa";"(L.) Gaertn.";"Betulaceae";"Alnus";"glutinosa";"species"
2;"Amelanchier ovalis";"Amelanchier ovalis";"Medik.";"Amelanchier ovalis";"Medik.";"Rosaceae";"Amelanchier";"ovalis";"species"
200;"Amelanchier ovalis";"Amelanchier ovalis";"Medik.";"Amelanchier ovalis";"Medik.";"Rosaceae";"Amelanchier";"ovalis";"species"
150;"Ampelodesmos mauritanica";"Ampelodesmos mauritanica";;"Ampelodesmos mauritanicus";"(Poir.) T.Durand & Schinz";"Poaceae";"Ampelodesmos";"mauritanicus";"species"
1175;"Anagyris foetida";"Anagyris foetida";"L.";"Anagyris foetida";"L.";"Fabaceae";"Anagyris";"foetida";"species"
175;"Anagyris spp.";"Anagyris";;"Anagyris";"L.";"Fabaceae";"Anagyris";;"genus"
125;"Anthyllis cytisoides";"Anthyllis cytisoides";"L.";"Anthyllis cytisoides";"L.";"Fabaceae";"Anthyllis";"cytisoides";"species"
169;"Aphyllanthes monspeliensis";"Aphyllanthes monspeliensis";"L.";"Aphyllanthes monspeliensis";"L.";"Asparagaceae";"Aphyllanthes";"monspeliensis";"species"
88;"Apollonias barbujana";"Apollonias barbujana";"(Cav.) Bornm.";"Persea barbujana";"(Cav.) Mabb. & Nieto Fel.";"Lauraceae";"Persea";"barbujana";"species"
268;"Arbutus canariensis";"Arbutus canariensis";"Veill.";"Arbutus canariensis";"Veill.";"Ericaceae";"Arbutus";"canariensis";"species"
68;"Arbutus unedo";"Arbutus unedo";"L.";"Arbutus unedo";"L.";"Ericaceae";"Arbutus";"unedo";"species"
107;"Arctostaphylos uva-ursi";"Arctostaphylos uva-ursi";"(L.) Spreng.";"Arctostaphylos uva-ursi";"(L.) Spreng.";"Ericaceae";"Arctostaphylos";"uva-ursi";"species"
3159;"Artemisia campestris";"Artemisia campestris";"L.";"Artemisia campestris";"L.";"Asteraceae";"Artemisia";"campestris";"species"
159;"Artemisia canariensis";"Artemisia canariensis";;"Artemisia thuscula";"Cav.";"Asteraceae";"Artemisia";"thuscula";"species"
1159;"Artemisia reptans";"Artemisia reptans";"C.Sm. ex Link";"Artemisia reptans";"C.Sm.";"Asteraceae";"Artemisia";"reptans";"species"
126;"Artemisia spp.";"Artemisia";;"Artemisia";"L.";"Asteraceae";"Artemisia";;"genus"
1138;"Asparagus acutifolius";"Asparagus acutifolius";"L.";"Asparagus acutifolius";"L.";"Asparagaceae";"Asparagus";"acutifolius";"species"
2138;"Asparagus albus";"Asparagus albus";"L.";"Asparagus albus";"L.";"Asparagaceae";"Asparagus";"albus";"species"
138;"Asparagus spp.";"Asparagus";;"Asparagus";"L.";"Asparagaceae";"Asparagus";;"genus"
6104;"Astragalus spp.";"Astragalus";;"Astragalus";"L.";"Fabaceae";"Astragalus";;"genus"
133;"Atriplex spp.";"Atriplex";;"Atriplex";"L.";"Amaranthaceae";"Atriplex";;"genus"
116;"Berberis vulgaris";"Berberis vulgaris";"L.";"Berberis vulgaris";"L.";"Berberidaceae";"Berberis";"vulgaris";"species"
273;"Betula alba";"Betula alba";"L.";"Betula pubescens  var. pubescens";;"Betulaceae";"Betula";"pubescens";"variety"
373;"Betula pendula";"Betula pendula";"Roth";"Betula pendula";"Roth";"Betulaceae";"Betula";"pendula";"species"
73;"Betula spp.";"Betula";;"Betula";"L.";"Betulaceae";"Betula";;"genus"
2124;"Bupleurum fruticescens";"Bupleurum fruticescens";"Loefl. ex L.";"Bupleurum fruticescens";"L.";"Apiaceae";"Bupleurum";"fruticescens";"species"
1124;"Bupleurum fruticosum";"Bupleurum fruticosum";"L.";"Bupleurum fruticosum";"L.";"Apiaceae";"Bupleurum";"fruticosum";"species"
4124;"Bupleurum gibraltaricum";"Bupleurum gibraltaricum";;"Bupleurum gibraltaricum";"Lam.";"Apiaceae";"Bupleurum";"gibraltaricum";"species"
124;"Bupleurum spp.";"Bupleurum";;"Bupleurum";"L.";"Apiaceae";"Bupleurum";;"genus"
291;"Buxus balearica";"Buxus balearica";"Lam.";"Buxus balearica";"Lam.";"Buxaceae";"Buxus";"balearica";"species"
2910;"Buxus balearica";"Buxus balearica";"Lam.";"Buxus balearica";"Lam.";"Buxaceae";"Buxus";"balearica";"species"
9071;"Buxus balearica";"Buxus balearica";"Lam.";"Buxus balearica";"Lam.";"Buxaceae";"Buxus";"balearica";"species"
91;"Buxus sempervirens";"Buxus sempervirens";"L.";"Buxus sempervirens";"L.";"Buxaceae";"Buxus";"sempervirens";"species"
9100;"Buxus sempervirens";"Buxus sempervirens";"L.";"Buxus sempervirens";"L.";"Buxaceae";"Buxus";"sempervirens";"species"
9072;"Calicotome infesta";"Calicotome infesta";"(C.Presl) Guss.";"Calicotome infesta";"(C.Presl) Guss.";"Fabaceae";"Calicotome";"infesta";"species"
2104;"Calicotome spinosa";"Calicotome spinosa";"(L.) Link";"Calicotome spinosa";"(L.) Link";"Fabaceae";"Calicotome";"spinosa";"species"
2105;"Calicotome spp.";"Calicotome";;"Calicotome";"Link";"Fabaceae";"Calicotome";;"genus"
3104;"Calicotome villosa";"Calicotome villosa";"(Poir.) Link";"Calicotome villosa";"(Poir.) Link";"Fabaceae";"Calicotome";"villosa";"species"
106;"Calluna vulgaris";"Calluna vulgaris";"(L.) Hull";"Calluna vulgaris";"(L.) Hill";"Ericaceae";"Calluna";"vulgaris";"species"
98;"Carpinus betulus";"Carpinus betulus";"L.";"Carpinus betulus";"L.";"Betulaceae";"Carpinus";"betulus";"species"
72;"Castanea sativa";"Castanea sativa";"Mill.";"Castanea sativa";"Mill.";"Fagaceae";"Castanea";"sativa";"species"
17;"Cedrus atlantica";"Cedrus atlantica";"(Endl.) Carrière";"Cedrus atlantica";"(Endl.) G.Manetti ex Carrière";"Pinaceae";"Cedrus";"atlantica";"species"
217;"Cedrus deodara";"Cedrus deodara";"(Roxb. ex D.Don) G.Don in Loudon";"Cedrus deodara";"(Roxb. ex D.Don) G.Don";"Pinaceae";"Cedrus";"deodara";"species"
317;"Cedrus libani";"Cedrus libani";;"Cedrus libani";"A.Rich.";"Pinaceae";"Cedrus";"libani";"species"
917;"Cedrus spp.";"Cedrus";;"Cedrus";"Trew";"Pinaceae";"Cedrus";;"genus"
13;"Celtis australis";"Celtis australis";"L.";"Celtis australis";"L.";"Cannabaceae";"Celtis";"australis";"species"
67;"Ceratonia siliqua";"Ceratonia siliqua";"L.";"Ceratonia siliqua";"L.";"Fabaceae";"Ceratonia";"siliqua";"species"
18;"Chamaecyparis lawsoniana";"Chamaecyparis lawsoniana";"(A.Murray) Parl.";"Chamaecyparis lawsoniana";"(A.Murray bis) Parl.";"Cupressaceae";"Chamaecyparis";"lawsoniana";"species"
160;"Chamaecytisus proliferus";"Chamaecytisus proliferus";"(L.f.) Link";"Chamaecytisus proliferus";"(L.f.) Link";"Fabaceae";"Chamaecytisus";"proliferus";"species"
369;"Chamaerops humilis";"Chamaerops humilis";"L.";"Chamaerops humilis";"L.";"Arecaceae";"Chamaerops";"humilis";"species"
3690;"Chamaerops humilis";"Chamaerops humilis";"L.";"Chamaerops humilis";"L.";"Arecaceae";"Chamaerops";"humilis";"species"
136;"Chamaespartium tridentatum";"Chamaespartium tridentatum";;"Genista tridentata";"L.";"Fabaceae";"Genista";"tridentata";"species"
3101;"Cistus albidus";"Cistus albidus";"L.";"Cistus albidus";"L.";"Cistaceae";"Cistus";"albidus";"species"
4101;"Cistus clusii";"Cistus clusii";"Dunal in DC.";"Cistus clusii";"Dunal";"Cistaceae";"Cistus";"clusii";"species"
9073;"Cistus creticus";"Cistus creticus";"L.";"Cistus creticus";"L.";"Cistaceae";"Cistus";"creticus";"species"
7101;"Cistus crispus";"Cistus crispus";"L.";"Cistus crispus";"L.";"Cistaceae";"Cistus";"crispus";"species"
1101;"Cistus ladanifer";"Cistus ladanifer";"L.";"Cistus ladanifer";"L.";"Cistaceae";"Cistus";"ladanifer";"species"
8101;"Cistus laurifolius";"Cistus laurifolius";"L.";"Cistus laurifolius";"L.";"Cistaceae";"Cistus";"laurifolius";"species"
10101;"Cistus libanotis";"Cistus libanotis";"L.";"Cistus libanotis";"L.";"Cistaceae";"Cistus";"libanotis";"species"
5101;"Cistus monspeliensis";"Cistus monspeliensis";"L.";"Cistus monspeliensis";"L.";"Cistaceae";"Cistus";"monspeliensis";"species"
2101;"Cistus populifolius";"Cistus populifolius";"L.";"Cistus populifolius";"L.";"Cistaceae";"Cistus";"populifolius";"species"
2111;"Cistus psilosepalus";"Cistus psilosepalus";"Sweet";"Cistus laxus";"Aiton";"Cistaceae";"Cistus";"laxus";"species"
11101;"Cistus psilosepalus";"Cistus psilosepalus";"Sweet";"Cistus laxus";"Aiton";"Cistaceae";"Cistus";"laxus";"species"
6101;"Cistus salvifolius";"Cistus salvifolius";;"Cistus salviifolius";"L.";"Cistaceae";"Cistus";"salviifolius";"species"
6101;"Cistus salviifolius";"Cistus salviifolius";"L.";"Cistus salviifolius";"L.";"Cistaceae";"Cistus";"salviifolius";"species"
101;"Cistus spp.";"Cistus";;"Cistus";"L.";"Cistaceae";"Cistus";;"genus"
9101;"Cistus symphytifolius";"Cistus symphytifolius";"Lam.";"Cistus symphytifolius";"Lam.";"Cistaceae";"Cistus";"symphytifolius";"species"
1132;"Clematis flammula";"Clematis flammula";"L.";"Clematis flammula";"L.";"Ranunculaceae";"Clematis";"flammula";"species"
132;"Clematis spp.";"Clematis";;"Clematis";"L.";"Ranunculaceae";"Clematis";;"genus"
2132;"Clematis vitalba";"Clematis vitalba";"L.";"Clematis vitalba";"L.";"Ranunculaceae";"Clematis";"vitalba";"species"
7103;"Colutea arborescens";"Colutea arborescens";"L.";"Colutea arborescens";"L.";"Fabaceae";"Colutea";"arborescens";"species"
1172;"Corema album";"Corema album";"(L.) D.Don in Sweet";"Corema album";"(L.) D.Don ex Steud.";"Ericaceae";"Corema";"album";"species"
172;"Corema spp.";"Corema";;"Corema";"D.Don";"Ericaceae";"Corema";;"genus"
139;"Coriaria myrtifolia";"Coriaria myrtifolia";"L.";"Coriaria myrtifolia";"L.";"Coriariaceae";"Coriaria";"myrtifolia";"species"
9;"Cornus sanguinea";"Cornus sanguinea";"L.";"Cornus sanguinea";"L.";"Cornaceae";"Cornus";"sanguinea";"species"
900;"Cornus sanguinea";"Cornus sanguinea";"L.";"Cornus sanguinea";"L.";"Cornaceae";"Cornus";"sanguinea";"species"
152;"Coronilla emerus";"Coronilla emerus";;"Hippocrepis emerus";"(L.) Lassen";"Fabaceae";"Hippocrepis";"emerus";"species"
1152;"Coronilla glauca";"Coronilla glauca";"L.";"Coronilla valentina  subsp. glauca";"(L.) Batt.";"Fabaceae";"Coronilla";"valentina";"subspecies"
3152;"Coronilla juncea";"Coronilla juncea";"L.";"Coronilla juncea";"L.";"Fabaceae";"Coronilla";"juncea";"species"
5104;"Coronilla spp.";"Coronilla";;"Coronilla";"L.";"Fabaceae";"Coronilla";;"genus"
74;"Corylus avellana";"Corylus avellana";"L.";"Corylus avellana";"L.";"Betulaceae";"Corylus";"avellana";"species"
118;"Cotoneaster spp.";"Cotoneaster";;"Cotoneaster";"Medik.";"Rosaceae";"Cotoneaster";;"genus"
515;"Crataegus azarolus";"Crataegus azarolus";"L.";"Crataegus azarolus";"L.";"Rosaceae";"Crataegus";"azarolus";"species"
415;"Crataegus lacinata";"Crataegus lacinata";;"Crataegus laciniata";"Ucria";"Rosaceae";"Crataegus";"laciniata";"species"
315;"Crataegus laevigata";"Crataegus laevigata";"(Poir.) DC.";"Crataegus laevigata";"(Poir.) DC.";"Rosaceae";"Crataegus";"laevigata";"species"
215;"Crataegus monogyna";"Crataegus monogyna";"Jacq.";"Crataegus monogyna";"Jacq.";"Rosaceae";"Crataegus";"monogyna";"species"
15;"Crataegus spp.";"Crataegus";;"Crataegus";"L.";"Rosaceae";"Crataegus";;"genus"
1500;"Cultivo en mosaico";;;;;;;;
236;"Cupressus arizonica";"Cupressus arizonica";"Greene";"Cupressus arizonica";"Greene";"Cupressaceae";"Cupressus";"arizonica";"species"
336;"Cupressus lusitanica";"Cupressus lusitanica";"Mill.";"Cupressus lusitanica";"Mill.";"Cupressaceae";"Cupressus";"lusitanica";"species"
436;"Cupressus macrocarpa";"Cupressus macrocarpa";"Hartw.";"Cupressus macrocarpa";"Hartw.";"Cupressaceae";"Cupressus";"macrocarpa";"species"
36;"Cupressus sempervirens";"Cupressus sempervirens";"L.";"Cupressus sempervirens";"L.";"Cupressaceae";"Cupressus";"sempervirens";"species"
936;"Cupressus spp.";"Cupressus";;"Cupressus";"L.";"Cupressaceae";"Cupressus";;"genus"
153;"Cytisophyllum sessilifolium";"Cytisophyllum sessilifolium";"(L.) O.Lang";"Cytisophyllum sessilifolium";"(L.) O.Lang";"Fabaceae";"Cytisophyllum";"sessilifolium";"species"
167;"Cytisus arboreus";"Cytisus arboreus";"(Desf.) DC.";"Cytisus arboreus";"DC.";"Fabaceae";"Cytisus";"arboreus";"species"
1187;"Cytisus baeticus";"Cytisus baeticus";;"Cytisus arboreus";"DC.";"Fabaceae";"Cytisus";"arboreus";"species"
2167;"Cytisus cantabricus";"Cytisus cantabricus";"(Willk.) Rchb.f. & Beck in Rchb.";"Cytisus cantabricus";"Rchb. ex Briq.";"Fabaceae";"Cytisus";"cantabricus";"species"
9011;"Cytisus commutatus";"Cytisus commutatus";"(Willk.) Briq.";"Cytisus commutatus";"(Willk.) Briq.";"Fabaceae";"Cytisus";"commutatus";"species"
9201;"Cytisus commutatus";"Cytisus commutatus";"(Willk.) Briq.";"Cytisus commutatus";"(Willk.) Briq.";"Fabaceae";"Cytisus";"commutatus";"species"
9481;"Cytisus commutatus";"Cytisus commutatus";"(Willk.) Briq.";"Cytisus commutatus";"(Willk.) Briq.";"Fabaceae";"Cytisus";"commutatus";"species"
9074;"Cytisus fontanesii subsp. fontanesii";"Cytisus fontanesii fontanesii";"Spach in Bourg.";"Cytisus fontanesii";"Spach ex Ball";"Fabaceae";"Cytisus";"fontanesii";"species"
1188;"Cytisus grandiflorus";"Cytisus grandiflorus";"(Brot.) DC.";"Cytisus grandiflorus";"DC.";"Fabaceae";"Cytisus";"grandiflorus";"species"
1168;"Cytisus malacifitanus";"Cytisus malacifitanus";;"Cytisus malacitanus";"Boiss.";"Fabaceae";"Cytisus";"malacitanus";"species"
3167;"Cytisus multiflorus";"Cytisus multiflorus";"(L´Hér.) Sweet";"Cytisus multiflorus";"Sweet";"Fabaceae";"Cytisus";"multiflorus";"species"
4167;"Cytisus oromediterraneus";"Cytisus oromediterraneus";"Rivas Mart. & al.";"Cytisus oromediterraneus";"Rivas Mart., T.E.Díaz, Fern.Prieto, Loidi & Penas";"Fabaceae";"Cytisus";"oromediterraneus";"species"
1167;"Cytisus scoparius";"Cytisus scoparius";"(L.) Link";"Cytisus scoparius";"(L.) Link";"Fabaceae";"Cytisus";"scoparius";"species"
4104;"Cytisus spp.";"Cytisus";;"Cytisus";"Desf.";"Fabaceae";"Cytisus";;"genus"
1189;"Cytisus striatus";"Cytisus striatus";"(Hill) Rothm.";"Cytisus striatus";"(Hill) Rothm.";"Fabaceae";"Cytisus";"striatus";"species"
1191;"Cytisus tribracteolatus";"Cytisus tribracteolatus";;"Genista tribracteolata";"(Webb) Pau";"Fabaceae";"Genista";"tribracteolata";"species"
1190;"Cytisus villosus";"Cytisus villosus";"Pourr.";"Cytisus villosus";"Pourr.";"Fabaceae";"Cytisus";"villosus";"species"
120;"Daboecia cantabrica";"Daboecia cantabrica";"(Huds.) K.Koch";"Daboecia cantabrica";"(Huds.) K.Koch";"Ericaceae";"Daboecia";"cantabrica";"species"
1110;"Daphne gnidium";"Daphne gnidium";"L.";"Daphne gnidium";"L.";"Thymelaeaceae";"Daphne";"gnidium";"species"
2110;"Daphne laureola";"Daphne laureola";"L.";"Daphne laureola";"L.";"Thymelaeaceae";"Daphne";"laureola";"species"
3110;"Daphne mezereum";"Daphne mezereum";"L.";"Daphne mezereum";"L.";"Thymelaeaceae";"Daphne";"mezereum";"species"
110;"Daphne spp.";"Daphne";;"Daphne";"L.";"Thymelaeaceae";"Daphne";;"genus"
178;"Dittrichia viscosa";"Dittrichia viscosa";"(L.) Greuter";"Dittrichia viscosa";"(L.) Greuter";"Asteraceae";"Dittrichia";"viscosa";"species"
1154;"Dorycnium hirsutum";"Dorycnium hirsutum";"(L.) Ser. in DC.";"Lotus hirsutus";"L.";"Fabaceae";"Lotus";"hirsutus";"species"
154;"Dorycnium pentaphyllum";"Dorycnium pentaphyllum";"Scop.";"Lotus dorycnium";"L.";"Fabaceae";"Lotus";"dorycnium";"species"
7104;"Dorycnium spp.";"Dorycnium";;"Lotus";"L.";"Fabaceae";"Lotus";;"genus"
569;"Dracaena draco";"Dracaena draco";"L.";"Dracaena draco";"(L.) L.";"Asparagaceae";"Dracaena";"draco";"species"
569;"Dracaena drago";"Dracaena drago";;"Dracaena draco";"(L.) L.";"Asparagaceae";"Dracaena";"draco";"species"
1177;"Echinospartum boissieri";"Echinospartum boissieri";"(Spach) Rothm.";"Echinospartum boissieri";"(Spach) Rothm.";"Fabaceae";"Echinospartum";"boissieri";"species"
177;"Echinospartum spp.";"Echinospartum";;"Echinospartum";"(Spach) Fourr.";"Fabaceae";"Echinospartum";;"genus"
161;"Echium spp.";"Echium";;"Echium";"L.";"Boraginaceae";"Echium";;"genus"
1173;"Ephedra fragilis";"Ephedra fragilis";"Desf.";"Ephedra fragilis";"Desf.";"Ephedraceae";"Ephedra";"fragilis";"species"
173;"Ephedra spp.";"Ephedra";;"Ephedra";"L.";"Ephedraceae";"Ephedra";;"genus"
83;"Erica arborea";"Erica arborea";"L.";"Erica arborea";"L.";"Ericaceae";"Erica";"arborea";"species"
1102;"Erica arborea";"Erica arborea";"L.";"Erica arborea";"L.";"Ericaceae";"Erica";"arborea";"species"
2102;"Erica australis";"Erica australis";"L.";"Erica australis";"L.";"Ericaceae";"Erica";"australis";"species"
8102;"Erica ciliaris";"Erica ciliaris";"Loefl. ex L.";"Erica ciliaris";"L.";"Ericaceae";"Erica";"ciliaris";"species"
5102;"Erica cinerea";"Erica cinerea";"L.";"Erica cinerea";"L.";"Ericaceae";"Erica";"cinerea";"species"
9102;"Erica erigena";"Erica erigena";"R.Ross";"Erica erigena";"R.Ross";"Ericaceae";"Erica";"erigena";"species"
4102;"Erica multiflora";"Erica multiflora";"L.";"Erica multiflora";"L.";"Ericaceae";"Erica";"multiflora";"species"
283;"Erica scoparia";"Erica scoparia";"L.";"Erica scoparia";"L.";"Ericaceae";"Erica";"scoparia";"species"
6102;"Erica scoparia";"Erica scoparia";"L.";"Erica scoparia";"L.";"Ericaceae";"Erica";"scoparia";"species"
102;"Erica spp.";"Erica";;"Erica";"L.";"Ericaceae";"Erica";;"genus"
1202;"Erica tetralix";"Erica tetralix";"L.";"Erica tetralix";"L.";"Ericaceae";"Erica";"tetralix";"species"
7102;"Erica umbellata";"Erica umbellata";"Loefl. ex L.";"Erica umbellata";"L.";"Ericaceae";"Erica";"umbellata";"species"
3102;"Erica vagans";"Erica vagans";"L.";"Erica vagans";"L.";"Ericaceae";"Erica";"vagans";"species"
1166;"Erinacea anthyllis";"Erinacea anthyllis";"Link";"Erinacea anthyllis";"Link";"Fabaceae";"Erinacea";"anthyllis";"species"
1104;"Erinacea spp.";"Erinacea";;"Erinacea";"Tourn. ex Adans.";"Fabaceae";"Erinacea";;"genus"
62;"Eucalyptus camaldulensis";"Eucalyptus camaldulensis";"Dehnh.";"Eucalyptus camaldulensis";"Dehnh.";"Myrtaceae";"Eucalyptus";"camaldulensis";"species"
61;"Eucalyptus globulus";"Eucalyptus globulus";"Labill.";"Eucalyptus globulus";"Labill.";"Myrtaceae";"Eucalyptus";"globulus";"species"
364;"Eucalyptus gomphocephalus";"Eucalyptus gomphocephalus";;"Eucalyptus gomphocephala";"DC.";"Myrtaceae";"Eucalyptus";"gomphocephala";"species"
64;"Eucalyptus nitens";"Eucalyptus nitens";;"Eucalyptus nitens";"Maiden";"Myrtaceae";"Eucalyptus";"nitens";"species"
464;"Eucalyptus robusta";"Eucalyptus robusta";"Sm.";"Eucalyptus robusta";"Sm.";"Myrtaceae";"Eucalyptus";"robusta";"species"
264;"Eucalyptus viminalis";"Eucalyptus viminalis";"Labill.";"Eucalyptus viminalis";"Labill.";"Myrtaceae";"Eucalyptus";"viminalis";"species"
5;"Euonymus europaeus";"Euonymus europaeus";"L.";"Euonymus europaeus";"L.";"Celastraceae";"Euonymus";"europaeus";"species"
500;"Euonymus europaeus";"Euonymus europaeus";"L.";"Euonymus europaeus";"L.";"Celastraceae";"Euonymus";"europaeus";"species"
3162;"Euphorbia aphylla";"Euphorbia aphylla";"Brouss. ex Willd.";"Euphorbia aphylla";"Brouss.";"Euphorbiaceae";"Euphorbia";"aphylla";"species"
1162;"Euphorbia canariensis";"Euphorbia canariensis";"L.";"Euphorbia canariensis";"L.";"Euphorbiaceae";"Euphorbia";"canariensis";"species"
2162;"Euphorbia handiensis";"Euphorbia handiensis";"Burchard";"Euphorbia handiensis";"Burchard";"Euphorbiaceae";"Euphorbia";"handiensis";"species"
162;"Euphorbia spp.";"Euphorbia";;"Euphorbia";"L.";"Euphorbiaceae";"Euphorbia";;"genus"
71;"Fagus sylvatica";"Fagus sylvatica";"L.";"Fagus sylvatica";"L.";"Fagaceae";"Fagus";"sylvatica";"species"
299;"Ficus carica";"Ficus carica";"L.";"Ficus carica";"L.";"Moraceae";"Ficus";"carica";"species"
181;"Flueggea tinctoria";"Flueggea tinctoria";"(L.) G.L.Webster";"Flueggea tinctoria";"(L.) G.L.Webster";"Phyllanthaceae";"Flueggea";"tinctoria";"species"
3;"Frangula alnus";"Frangula alnus";"Mill.";"Frangula alnus";"Mill.";"Rhamnaceae";"Frangula";"alnus";"species"
300;"Frangula alnus";"Frangula alnus";"Mill.";"Frangula alnus";"Mill.";"Rhamnaceae";"Frangula";"alnus";"species"
55;"Fraxinus angustifolia";"Fraxinus angustifolia";"Vahl";"Fraxinus angustifolia";"Vahl";"Oleaceae";"Fraxinus";"angustifolia";"species"
255;"Fraxinus excelsior";"Fraxinus excelsior";"L.";"Fraxinus excelsior";"L.";"Oleaceae";"Fraxinus";"excelsior";"species"
355;"Fraxinus ornus";"Fraxinus ornus";"L.";"Fraxinus ornus";"L.";"Oleaceae";"Fraxinus";"ornus";"species"
455;"Fraxinus spp.";"Fraxinus";;"Fraxinus";"L.";"Oleaceae";"Fraxinus";;"genus"
955;"Fraxinus spp.";"Fraxinus";;"Fraxinus";"L.";"Oleaceae";"Fraxinus";;"genus"
1255;"Genista anglica";"Genista anglica";"L.";"Genista anglica";"L.";"Fabaceae";"Genista";"anglica";"species"
6155;"Genista baetica";"Genista baetica";;"Genista versicolor  subsp. versicolor";"Boiss.";"Fabaceae";"Genista";"versicolor";"subspecies"
5155;"Genista balansae";"Genista balansae";;"Genista balansae";"(Boiss.) Rouy";"Fabaceae";"Genista";"balansae";"species"
1355;"Genista cinerascens";"Genista cinerascens";"Lange";"Genista cinerascens";"Lange";"Fabaceae";"Genista";"cinerascens";"species"
8155;"Genista cinerea";"Genista cinerea";"(Vill.) DC. in Lam. & DC.";"Genista cinerea";"(Vill.) DC.";"Fabaceae";"Genista";"cinerea";"species"
9075;"Genista dorycnifolia";"Genista dorycnifolia";"Font Quer";"Genista dorycnifolia";"Font Quer";"Fabaceae";"Genista";"dorycnifolia";"species"
1455;"Genista falcata";"Genista falcata";"Brot.";"Genista falcata";"Brot.";"Fabaceae";"Genista";"falcata";"species"
1555;"Genista florida";"Genista florida";"L.";"Genista florida";"L.";"Fabaceae";"Genista";"florida";"species"
1156;"Genista hirsuta";"Genista hirsuta";"Vahl";"Genista hirsuta";"Vahl";"Fabaceae";"Genista";"hirsuta";"species"
10155;"Genista hirsuta";"Genista hirsuta";"Vahl";"Genista hirsuta";"Vahl";"Fabaceae";"Genista";"hirsuta";"species"
1655;"Genista hispanica";"Genista hispanica";"L.";"Genista hispanica";"L.";"Fabaceae";"Genista";"hispanica";"species"
1755;"Genista hystrix";"Genista hystrix";"Lange";"Genista hystrix";"Lange";"Fabaceae";"Genista";"hystrix";"species"
9155;"Genista linifolia";"Genista linifolia";;"Genista linifolia";"L.";"Fabaceae";"Genista";"linifolia";"species"
1155;"Genista monspessulana";"Genista monspessulana";;"Genista monspessulana";"(L.) L.A.S.Johnson";"Fabaceae";"Genista";"monspessulana";"species"
2155;"Genista patens";"Genista patens";;"Genista patens";"DC.";"Fabaceae";"Genista";"patens";"species"
3155;"Genista scorpius";"Genista scorpius";"(L.) DC. in Lam. & DC.";"Genista scorpius";"(L.) DC.";"Fabaceae";"Genista";"scorpius";"species"
155;"Genista spp.";"Genista";;"Genista";"L.";"Fabaceae";"Genista";;"genus"
2156;"Genista triacanthos";"Genista triacanthos";"Brot.";"Genista triacanthos";"Brot.";"Fabaceae";"Genista";"triacanthos";"species"
11155;"Genista triacanthos";"Genista triacanthos";"Brot.";"Genista triacanthos";"Brot.";"Fabaceae";"Genista";"triacanthos";"species"
12155;"Genista tridens";"Genista tridens";"(Cav.) DC.";"Genista tridens";"(Cav.) DC.";"Fabaceae";"Genista";"tridens";"species"
13155;"Genista tridentata";"Genista tridentata";;"Genista tridentata";"L.";"Fabaceae";"Genista";"tridentata";"species"
4155;"Genista triflora";"Genista triflora";;"Chamaecytisus triflorus";"(Lam.) Skalická";"Fabaceae";"Chamaecytisus";"triflorus";"species"
7155;"Genista umbellata";"Genista umbellata";"(L´Hér.) Dum. Cours.";"Genista umbellata";"(L'Hér.) Poir.";"Fabaceae";"Genista";"umbellata";"species"
14155;"Genista versicolor";"Genista versicolor";"Boiss.";"Genista versicolor";"Boiss.";"Fabaceae";"Genista";"versicolor";"species"
9104;"Genistella spp.";"Genistella";;"Genista";"L.";"Fabaceae";"Genista";;"genus"
392;"Gleditsia triacanthos";"Gleditsia triacanthos";"L.";"Gleditsia triacanthos";"L.";"Fabaceae";"Gleditsia";"triacanthos";"species"
140;"Globularia alypum";"Globularia alypum";"L.";"Globularia alypum";"L.";"Plantaginaceae";"Globularia";"alypum";"species"
4117;"Halimium atriplicifolium";"Halimium atriplicifolium";"(Lam.) Spach";"Cistus atriplicifolius";"Lam.";"Cistaceae";"Cistus";"atriplicifolius";"species"
2117;"Halimium commutatum";"Halimium commutatum";;"Cistus commutatus";"(Pau) Byng & Christenh.";"Cistaceae";"Cistus";"commutatus";"species"
1117;"Halimium halimifolium";"Halimium halimifolium";"(L.) Willk. in Willk. & Lange";"Cistus halimifolius";"L.";"Cistaceae";"Cistus";"halimifolius";"species"
3117;"Halimium lasianthum";"Halimium lasianthum";"(Lam.) Spach";"Cistus lasianthus";"Lam.";"Cistaceae";"Cistus";"lasianthus";"species"
5117;"Halimium ocymoides";"Halimium ocymoides";"(Lam.) Willk. in Willk. & Lange";"Cistus ocymoides";"Lam.";"Cistaceae";"Cistus";"ocymoides";"species"
117;"Halimium spp.";"Halimium";;"Cistus";"L.";"Cistaceae";"Cistus";;"genus"
6117;"Halimium umbellatum";"Halimium umbellatum";"(L.) Spach";"Cistus umbellatus";"L.";"Cistaceae";"Cistus";"umbellatus";"species"
1;"Heberdenia bahamensis";"Heberdenia bahamensis";;"Heberdenia excelsa";"(Aiton) DC.";"Primulaceae";"Heberdenia";"excelsa";"species"
141;"Hedera helix";"Hedera helix";"L.";"Hedera helix";"L.";"Araliaceae";"Hedera";"helix";"species"
142;"Helianthemum spp.";"Helianthemum";;"Helianthemum";"Mill.";"Cistaceae";"Helianthemum";;"genus"
1128;"Helichrysum italicum";"Helichrysum italicum";"(Roth) G.Don";"Helichrysum italicum";"(Roth) G.Don";"Asteraceae";"Helichrysum";"italicum";"species"
2128;"Helichrysum spp.";"Helichrysum";;"Helichrysum";"Mill.";"Asteraceae";"Helichrysum";;"genus"
128;"Helichrysum stoechas";"Helichrysum stoechas";"(L.) Moench";"Helichrysum stoechas";"(L.) Moench";"Asteraceae";"Helichrysum";"stoechas";"species"
9000;"Herbazal en mosaico";;;;;;;;
163;"Hypericum canariensis";"Hypericum canariensis";;"Hypericum canariense";"L.";"Hypericaceae";"Hypericum";"canariense";"species"
65;"Ilex aquifolium";"Ilex aquifolium";"L.";"Ilex aquifolium";"L.";"Aquifoliaceae";"Ilex";"aquifolium";"species"
82;"Ilex canariensis";"Ilex canariensis";"Poir.";"Ilex canariensis";"Poir.";"Aquifoliaceae";"Ilex";"canariensis";"species"
282;"Ilex platyphylla";"Ilex platyphylla";;"Ilex perado  subsp. platyphylla";"(Webb & Berthel.) Tutin";"Aquifoliaceae";"Ilex";"perado";"subspecies"
143;"Jasminum fruticans";"Jasminum fruticans";"L.";"Chrysojasminum fruticans";"(L.) Banfi";"Oleaceae";"Chrysojasminum";"fruticans";"species"
275;"Juglans nigra";"Juglans nigra";"L.";"Juglans nigra";"L.";"Juglandaceae";"Juglans";"nigra";"species"
75;"Juglans regia";"Juglans regia";"L.";"Juglans regia";"L.";"Juglandaceae";"Juglans";"regia";"species"
975;"Juglans spp.";"Juglans";;"Juglans";"L.";"Juglandaceae";"Juglans";;"genus"
337;"Juniperus cedrus";"Juniperus cedrus";"Webb & Berthel.";"Juniperus cedrus";"Webb & Berthel.";"Cupressaceae";"Juniperus";"cedrus";"species"
37;"Juniperus communis";"Juniperus communis";"L.";"Juniperus communis";"L.";"Cupressaceae";"Juniperus";"communis";"species"
3700;"Juniperus communis ssp. alpina";"Juniperus communis alpina";"(Suter) Celak.";"Juniperus communis";"L.";"Cupressaceae";"Juniperus";"communis";"species"
237;"Juniperus oxycedrus";"Juniperus oxycedrus";"L.";"Juniperus oxycedrus";"L.";"Cupressaceae";"Juniperus";"oxycedrus";"species"
39;"Juniperus phoenicea";"Juniperus phoenicea";"L.";"Juniperus phoenicea";"L.";"Cupressaceae";"Juniperus";"phoenicea";"species"
239;"Juniperus sabina";"Juniperus sabina";"L.";"Juniperus sabina";"L.";"Cupressaceae";"Juniperus";"sabina";"species"
1139;"Juniperus sabina";"Juniperus sabina";"L.";"Juniperus sabina";"L.";"Cupressaceae";"Juniperus";"sabina";"species"
937;"Juniperus spp.";"Juniperus";;"Juniperus";"L.";"Cupressaceae";"Juniperus";;"genus"
38;"Juniperus thurifera";"Juniperus thurifera";"L.";"Juniperus thurifera";"L.";"Cupressaceae";"Juniperus";"thurifera";"species"
238;"Juniperus turbinata";"Juniperus turbinata";;"Juniperus turbinata";"Guss.";"Cupressaceae";"Juniperus";"turbinata";"species"
164;"Kleinia neriifolia";"Kleinia neriifolia";"Haw.";"Kleinia neriifolia";"Haw.";"Asteraceae";"Kleinia";"neriifolia";"species"
235;"Larix decidua";"Larix decidua";"Mill.";"Larix decidua";"Mill.";"Pinaceae";"Larix";"decidua";"species"
335;"Larix leptolepis";"Larix leptolepis";;"Larix kaempferi";"(Lamb.) Carrière";"Pinaceae";"Larix";"kaempferi";"species"
35;"Larix spp.";"Larix";;"Larix";"Mill.";"Pinaceae";"Larix";;"genus"
435;"Larix x eurolepis";"Larix x eurolepis";;;;;;;
185;"Launaea arborescens";"Launaea arborescens";"(Batt.) Murb.";"Launaea arborescens";"(Batt.) Murb.";"Asteraceae";"Launaea";"arborescens";"species"
80;"Laurisilva";"Laurisilva";;"Liparis laurisilvatica";"Fukuy.";"Orchidaceae";"Liparis";"laurisilvatica";"species"
294;"Laurus azorica";"Laurus azorica";;"Laurus azorica";"(Seub.) Franco";"Lauraceae";"Laurus";"azorica";"species"
94;"Laurus nobilis";"Laurus nobilis";"L.";"Laurus nobilis";"L.";"Lauraceae";"Laurus";"nobilis";"species"
3109;"Lavandula lanata";"Lavandula lanata";"Boiss.";"Lavandula lanata";"Boiss.";"Lamiaceae";"Lavandula";"lanata";"species"
1109;"Lavandula latifolia";"Lavandula latifolia";"Medik.";"Lavandula latifolia";"Medik.";"Lamiaceae";"Lavandula";"latifolia";"species"
4109;"Lavandula pedunculata";"Lavandula pedunculata";"(Mill.) Cav.";"Lavandula pedunculata";"(Mill.) Cav.";"Lamiaceae";"Lavandula";"pedunculata";"species"
109;"Lavandula spp.";"Lavandula";;"Lavandula";"L.";"Lamiaceae";"Lavandula";;"genus"
2109;"Lavandula stoechas";"Lavandula stoechas";"L.";"Lavandula stoechas";"L.";"Lamiaceae";"Lavandula";"stoechas";"species"
112;"Ligustrum vulgare";"Ligustrum vulgare";"L.";"Ligustrum vulgare";"L.";"Oleaceae";"Ligustrum";"vulgare";"species"
182;"Lithodora spp.";"Lithodora";;"Lithodora";"Griseb.";"Boraginaceae";"Lithodora";;"genus"
1144;"Lonicera etrusca";"Lonicera etrusca";"Santi";"Lonicera etrusca";"Santi";"Caprifoliaceae";"Lonicera";"etrusca";"species"
2144;"Lonicera implexa";"Lonicera implexa";"Aiton";"Lonicera implexa";"Aiton";"Caprifoliaceae";"Lonicera";"implexa";"species"
3144;"Lonicera periclymenum";"Lonicera periclymenum";"L.";"Lonicera periclymenum";"L.";"Caprifoliaceae";"Lonicera";"periclymenum";"species"
4144;"Lonicera pyrenaica";"Lonicera pyrenaica";"L.";"Lonicera pyrenaica";"L.";"Caprifoliaceae";"Lonicera";"pyrenaica";"species"
9012;"Lonicera pyrenaica";"Lonicera pyrenaica";"L.";"Lonicera pyrenaica";"L.";"Caprifoliaceae";"Lonicera";"pyrenaica";"species"
144;"Lonicera spp.";"Lonicera";;"Lonicera";"L.";"Caprifoliaceae";"Lonicera";;"genus"
5144;"Lonicera xylosteum";"Lonicera xylosteum";"L.";"Lonicera xylosteum";"L.";"Caprifoliaceae";"Lonicera";"xylosteum";"species"
12;"Malus sylvestris";"Malus sylvestris";"(L.) Mill.";"Malus sylvestris";"(L.) Mill.";"Rosaceae";"Malus";"sylvestris";"species"
8000;"Matorral en mosaico";;;;;;;;
158;"Maytenus canariensis";"Maytenus canariensis";;"Gymnosporia cassinoides";"(L'Hér.) Masf.";"Celastraceae";"Gymnosporia";"cassinoides";"species"
1158;"Maytenus senegalensis";"Maytenus senegalensis";"(Lam.) Exell";"Gymnosporia senegalensis";"Loes.";"Celastraceae";"Gymnosporia";"senegalensis";"species"
145;"Medicago arborea";"Medicago arborea";"L.";"Medicago arborea";"L.";"Fabaceae";"Medicago";"arborea";"species"
9076;"Medicago arborea";"Medicago arborea";"L.";"Medicago arborea";"L.";"Fabaceae";"Medicago";"arborea";"species"
30;"Mezcla de coníferas";;;;;;;;
60;"Mezcla de eucaliptos";"Eucalyptus";;"Eucalyptus";"L'Hér.";"Myrtaceae";"Eucalyptus";;"genus"
70;"Mezcla de frondosas de gran porte";;;;;;;;
90;"Mezcla de pequeñas frondosas";;;;;;;;
50;"Mezcla de árboles de ribera";;;;;;;;
499;"Morus alba";"Morus alba";"L.";"Morus alba";"L.";"Moraceae";"Morus";"alba";"species"
599;"Morus nigra";"Morus nigra";"L.";"Morus nigra";"L.";"Moraceae";"Morus";"nigra";"species"
399;"Morus spp.";"Morus";;"Morus";"L.";"Moraceae";"Morus";;"genus"
81;"Myrica faya";"Myrica faya";"Aiton";"Myrica faya";"[Dryand.]";"Myricaceae";"Myrica";"faya";"species"
281;"Myrica rivas-martinezii";"Myrica rivas-martinezii";;"Myrica rivas-martinezii";"A.Santos";"Myricaceae";"Myrica";"rivas-martinezii";"species"
6;"Myrtus communis";"Myrtus communis";"L.";"Myrtus communis";"L.";"Myrtaceae";"Myrtus";"communis";"species"
600;"Myrtus communis";"Myrtus communis";"L.";"Myrtus communis";"L.";"Myrtaceae";"Myrtus";"communis";"species"
146;"Nerium oleander";"Nerium oleander";"L.";"Nerium oleander";"L.";"Apocynaceae";"Nerium";"oleander";"species"
87;"Ocotea phoetens";"Ocotea phoetens";;"Ocotea";"Aubl.";"Lauraceae";"Ocotea";;"genus"
66;"Olea europaea";"Olea europaea";"L.";"Olea europaea";"L.";"Oleaceae";"Olea";"europaea";"species"
8104;"Ononis spp.";"Ononis";;"Ononis";"L.";"Fabaceae";"Ononis";;"genus"
156;"Ononis tridentata";"Ononis tridentata";"L.";"Ononis tridentata";"L.";"Fabaceae";"Ononis";"tridentata";"species"
1135;"Osyris alba";"Osyris alba";"L.";"Osyris alba";"L.";"Santalaceae";"Osyris";"alba";"species"
2135;"Osyris lanceolata";"Osyris lanceolata";"Hochst. & Steud.";"Osyris lanceolata";"Hochst. & Steud.";"Santalaceae";"Osyris";"lanceolata";"species"
2135;"Osyris quadripartita";"Osyris quadripartita";;"Osyris lanceolata";"Hochst. & Steud.";"Santalaceae";"Osyris";"lanceolata";"species"
135;"Osyris spp.";"Osyris";;"Osyris";"L.";"Santalaceae";"Osyris";;"genus"
19;"Otras coníferas";;;;;;;;
99;"Otras frondosas";;;;;;;;
89;"Otras laurisilvas";;;;;;;;
103;"Otras papilionoideas altas";;;;;;;;
104;"Otras papilionoideas bajas";;;;;;;;
63;"Otros eucaliptos";"Eucalyptus";;"Eucalyptus";"L'Hér.";"Myrtaceae";"Eucalyptus";;"genus"
29;"Otros pinos";"Pinus";;"Pinus";"L.";"Pinaceae";"Pinus";;"genus"
49;"Otros quercus";"Quercus";;"Quercus";"L.";"Fagaceae";"Quercus";;"genus"
59;"Otros árboles ripícolas";;;;;;;;
147;"Paliurus spina-christi";"Paliurus spina-christi";"Mill.";"Paliurus spina-christi";"Mill.";"Rhamnaceae";"Paliurus";"spina-christi";"species"
3500;"Pastizal-Matorral en mosaico";;;;;;;;
183;"Periploca laevigata";"Periploca laevigata";"Aiton";"Periploca laevigata";"Aiton";"Apocynaceae";"Periploca";"laevigata";"species"
84;"Persea indica";"Persea indica";"(L.) C.K.Spreng.";"Persea indica";"(L.) Spreng.";"Lauraceae";"Persea";"indica";"species"
113;"Phillyrea angustifolia";"Phillyrea angustifolia";"L.";"Phillyrea angustifolia";"L.";"Oleaceae";"Phillyrea";"angustifolia";"species"
8;"Phillyrea latifolia";"Phillyrea latifolia";"L.";"Phillyrea latifolia";"L.";"Oleaceae";"Phillyrea";"latifolia";"species"
1171;"Phlomis lychnitis";"Phlomis lychnitis";"L.";"Phlomis lychnitis";"L.";"Lamiaceae";"Phlomis";"lychnitis";"species"
2171;"Phlomis purpurea";"Phlomis purpurea";"L.";"Phlomis purpurea";"L.";"Lamiaceae";"Phlomis";"purpurea";"species"
171;"Phlomis spp.";"Phlomis";;"Phlomis";"L.";"Lamiaceae";"Phlomis";;"genus"
469;"Phoenix canariensis";"Phoenix canariensis";"Chabaud";"Phoenix canariensis";"Chabaud";"Arecaceae";"Phoenix";"canariensis";"species"
69;"Phoenix spp.";"Phoenix";;"Phoenix";"L.";"Arecaceae";"Phoenix";;"genus"
86;"Picconia excelsa";"Picconia excelsa";"(Aiton) DC.";"Picconia excelsa";"DC.";"Oleaceae";"Picconia";"excelsa";"species"
33;"Picea abies";"Picea abies";"(L.) H.Karst.";"Picea abies";"(L.) H.Karst.";"Pinaceae";"Picea";"abies";"species"
20;"Pinos";"Pinus";;"Pinus";"L.";"Pinaceae";"Pinus";;"genus"
27;"Pinus canariensis";"Pinus canariensis";"C.Sm. ex DC. in Buch";"Pinus canariensis";"C.Sm. ex DC.";"Pinaceae";"Pinus";"canariensis";"species"
24;"Pinus halepensis";"Pinus halepensis";"Mill.";"Pinus halepensis";"Mill.";"Pinaceae";"Pinus";"halepensis";"species"
25;"Pinus nigra";"Pinus nigra";"J.F.Arnold";"Pinus nigra";"Aiton";"Pinaceae";"Pinus";"nigra";"species"
26;"Pinus pinaster";"Pinus pinaster";"Aiton";"Pinus pinaster";"Aiton";"Pinaceae";"Pinus";"pinaster";"species"
23;"Pinus pinea";"Pinus pinea";"L.";"Pinus pinea";"L.";"Pinaceae";"Pinus";"pinea";"species"
28;"Pinus radiata";"Pinus radiata";"D.Don";"Pinus radiata";"D.Don";"Pinaceae";"Pinus";"radiata";"species"
21;"Pinus sylvestris";"Pinus sylvestris";"L.";"Pinus sylvestris";"L.";"Pinaceae";"Pinus";"sylvestris";"species"
22;"Pinus uncinata";"Pinus uncinata";"Ramond ex DC. in Lam. & DC.";"Pinus uncinata";"Ramond ex DC.";"Pinaceae";"Pinus";"uncinata";"species"
293;"Pistacia atlantica";"Pistacia atlantica";"Desf.";"Pistacia atlantica";"Desf.";"Anacardiaceae";"Pistacia";"atlantica";"species"
111;"Pistacia lentiscus";"Pistacia lentiscus";"L.";"Pistacia lentiscus";"L.";"Anacardiaceae";"Pistacia";"lentiscus";"species"
93;"Pistacia terebinthus";"Pistacia terebinthus";"L.";"Pistacia terebinthus";"L.";"Anacardiaceae";"Pistacia";"terebinthus";"species"
9300;"Pistacia terebinthus";"Pistacia terebinthus";"L.";"Pistacia terebinthus";"L.";"Anacardiaceae";"Pistacia";"terebinthus";"species"
79;"Platanus hispanica";"Platanus hispanica";"Mill. ex Münchh.";"Platanus hispanica";"Mill. ex Münchh.";"Platanaceae";"Platanus";"hispanica";"species"
279;"Platanus orientalis";"Platanus orientalis";;"Platanus orientalis";"L.";"Platanaceae";"Platanus";"orientalis";"species"
289;"Pleiomeris canariensis";"Pleiomeris canariensis";"(Willd.) A.DC.";"Pleiomeris canariensis";"(Willd.) A.DC.";"Primulaceae";"Pleiomeris";"canariensis";"species"
51;"Populus alba";"Populus alba";"L.";"Populus alba";"L.";"Salicaceae";"Populus";"alba";"species"
58;"Populus nigra";"Populus nigra";"L.";"Populus nigra";"L.";"Salicaceae";"Populus";"nigra";"species"
52;"Populus tremula";"Populus tremula";"L.";"Populus tremula";"L.";"Salicaceae";"Populus";"tremula";"species"
258;"Populus x canadensis";"Populus x canadensis";;;;;;;
3400;"Prado en mosaico";"Prado en mosaico";;"Pradosia";"Liais";"Sapotaceae";"Pradosia";;"genus"
395;"Prunus avium";"Prunus avium";"L.";"Prunus avium";"(L.) L.";"Rosaceae";"Prunus";"avium";"species"
495;"Prunus lusitanica";"Prunus lusitanica";"L.";"Prunus lusitanica";"L.";"Rosaceae";"Prunus";"lusitanica";"species"
148;"Prunus mahaleb";"Prunus mahaleb";"L.";"Prunus mahaleb";"L.";"Rosaceae";"Prunus";"mahaleb";"species"
1095;"Prunus mahaleb";"Prunus mahaleb";"L.";"Prunus mahaleb";"L.";"Rosaceae";"Prunus";"mahaleb";"species"
595;"Prunus padus";"Prunus padus";"L.";"Prunus padus";"L.";"Rosaceae";"Prunus";"padus";"species"
295;"Prunus spinosa";"Prunus spinosa";"L.";"Prunus spinosa";"L.";"Rosaceae";"Prunus";"spinosa";"species"
2950;"Prunus spinosa";"Prunus spinosa";"L.";"Prunus spinosa";"L.";"Rosaceae";"Prunus";"spinosa";"species"
95;"Prunus spp.";"Prunus";;"Prunus";"L.";"Rosaceae";"Prunus";;"genus"
34;"Pseudotsuga menziesii";"Pseudotsuga menziesii";"(Mirb.) Franco";"Pseudotsuga menziesii";"(Mirb.) Franco";"Pinaceae";"Pseudotsuga";"menziesii";"species"
136;"Pterospartum tridentatum";"Pterospartum tridentatum";"(L.) Willk. in Willk. & Lange";"Genista tridentata";"L.";"Fabaceae";"Genista";"tridentata";"species"
16;"Pyrus spp.";"Pyrus";;"Pyrus";"L.";"Rosaceae";"Pyrus";;"genus"
40;"Quercus";"Quercus";;"Quercus";"L.";"Fagaceae";"Quercus";;"genus"
344;"Quercus alpestris";"Quercus alpestris";;"Quercus faginea";"Lam.";"Fagaceae";"Quercus";"faginea";"species"
47;"Quercus canariensis";"Quercus canariensis";"Willd.";"Quercus canariensis";"Willd.";"Fagaceae";"Quercus";"canariensis";"species"
105;"Quercus coccifera";"Quercus coccifera";"L.";"Quercus coccifera";"L.";"Fagaceae";"Quercus";"coccifera";"species"
44;"Quercus faginea";"Quercus faginea";"Lam.";"Quercus faginea";"Lam.";"Fagaceae";"Quercus";"faginea";"species"
1105;"Quercus fruticosa";"Quercus fruticosa";;"Quercus lusitanica";"Lam.";"Fagaceae";"Quercus";"lusitanica";"species"
45;"Quercus ilex";"Quercus ilex";"L.";"Quercus ilex";"L.";"Fagaceae";"Quercus";"ilex";"species"
45;"Quercus ilex ssp. ballota";"Quercus ilex ballota";"(Desf.) Samp.";"Quercus ilex";"L.";"Fagaceae";"Quercus";"ilex";"species"
245;"Quercus ilex ssp. ilex";"Quercus ilex ilex";"L.";"Quercus ilex";"L.";"Fagaceae";"Quercus";"ilex";"species"
244;"Quercus lusitanica";"Quercus lusitanica";"Lam.";"Quercus lusitanica";"Lam.";"Fagaceae";"Quercus";"lusitanica";"species"
244;"Quercus lusitanica (Q. fruticosa)";"Quercus lusitanica";"Lam.";"Quercus lusitanica";"Lam.";"Fagaceae";"Quercus";"lusitanica";"species"
42;"Quercus petraea";"Quercus petraea";"(Matt.) Liebl.";"Quercus petraea";"(Matt.) Liebl.";"Fagaceae";"Quercus";"petraea";"species"
243;"Quercus pubescens";"Quercus pubescens";"Willd.";"Quercus pubescens";"Willd.";"Fagaceae";"Quercus";"pubescens";"species"
243;"Quercus pubescens (Q. humilis)";"Quercus pubescens";"Willd.";"Quercus pubescens";"Willd.";"Fagaceae";"Quercus";"pubescens";"species"
43;"Quercus pyrenaica";"Quercus pyrenaica";"Willd.";"Quercus pyrenaica";"Willd.";"Fagaceae";"Quercus";"pyrenaica";"species"
41;"Quercus robur";"Quercus robur";"L.";"Quercus robur";"L.";"Fagaceae";"Quercus";"robur";"species"
48;"Quercus rubra";"Quercus rubra";"L.";"Quercus rubra";"L.";"Fagaceae";"Quercus";"rubra";"species"
46;"Quercus suber";"Quercus suber";"L.";"Quercus suber";"L.";"Fagaceae";"Quercus";"suber";"species"
2165;"Retama monosperma";"Retama monosperma";"(L.) Boiss.";"Retama monosperma";"(L.) Boiss.";"Fabaceae";"Retama";"monosperma";"species"
2165;"Retama mosnosperma";"Retama mosnosperma";;"Retama monosperma";"(L.) Boiss.";"Fabaceae";"Retama";"monosperma";"species"
1165;"Retama sphaerocarpa";"Retama sphaerocarpa";"(L.) Boiss.";"Retama sphaerocarpa";"(L.) Boiss.";"Fabaceae";"Retama";"sphaerocarpa";"species"
4103;"Retama spp.";"Retama";;"Retama";"Raf.";"Fabaceae";"Retama";;"genus"
4;"Rhamnus alaternus";"Rhamnus alaternus";"L.";"Rhamnus alaternus";"L.";"Rhamnaceae";"Rhamnus";"alaternus";"species"
6122;"Rhamnus alaternus";"Rhamnus alaternus";"L.";"Rhamnus alaternus";"L.";"Rhamnaceae";"Rhamnus";"alaternus";"species"
3122;"Rhamnus alpinus";"Rhamnus alpinus";;"Ozothamnus alpinus";"(N.A.Wakef.) Anderb.";"Asteraceae";"Ozothamnus";"alpinus";"species"
389;"Rhamnus glandulosa";"Rhamnus glandulosa";"Aiton";"Rhamnus glandulosa";"Aiton";"Rhamnaceae";"Rhamnus";"glandulosa";"species"
1122;"Rhamnus lycioides";"Rhamnus lycioides";"L.";"Rhamnus lycioides";"L.";"Rhamnaceae";"Rhamnus";"lycioides";"species"
5122;"Rhamnus myrtifolius";"Rhamnus myrtifolius";;"Cytisus procumbens";"(Waldst. & Kit. ex Willd.) Spreng.";"Fabaceae";"Cytisus";"procumbens";"species"
4122;"Rhamnus oleoides";"Rhamnus oleoides";"L.";"Rhamnus oleoides";"L.";"Rhamnaceae";"Rhamnus";"oleoides";"species"
2122;"Rhamnus saxatilis";"Rhamnus saxatilis";"Jacq.";"Rhamnus saxatilis";"Jacq.";"Rhamnaceae";"Rhamnus";"saxatilis";"species"
122;"Rhamnus spp.";"Rhamnus";;"Rhamnus";"L.";"Rhamnaceae";"Rhamnus";;"genus"
2108;"Rhododendron ferrugineum";"Rhododendron ferrugineum";"L.";"Rhododendron ferrugineum";"L.";"Ericaceae";"Rhododendron";"ferrugineum";"species"
1108;"Rhododendron ponticum";"Rhododendron ponticum";"L.";"Rhododendron ponticum";"L.";"Ericaceae";"Rhododendron";"ponticum";"species"
108;"Rhododendron spp.";"Rhododendron";;"Rhododendron";"L.";"Ericaceae";"Rhododendron";;"genus"
96;"Rhus coriaria";"Rhus coriaria";"L.";"Rhus coriaria";"L.";"Anacardiaceae";"Rhus";"coriaria";"species"
1131;"Ribes alpinum";"Ribes alpinum";"L.";"Ribes alpinum";"L.";"Grossulariaceae";"Ribes";"alpinum";"species"
2131;"Ribes rubrum";"Ribes rubrum";"L.";"Ribes rubrum";"L.";"Grossulariaceae";"Ribes";"rubrum";"species"
131;"Ribes spp.";"Ribes";;"Ribes";"L.";"Grossulariaceae";"Ribes";;"genus"
92;"Robinia pseudacacia";"Robinia pseudacacia";;"Robinia pseudoacacia";"L.";"Fabaceae";"Robinia";"pseudoacacia";"species"
92;"Robinia pseudoacacia";"Robinia pseudoacacia";"L.";"Robinia pseudoacacia";"L.";"Fabaceae";"Robinia";"pseudoacacia";"species"
119;"Rosa spp.";"Rosa";;"Rosa";"L.";"Rosaceae";"Rosa";;"genus"
114;"Rosmarinus officinalis";"Rosmarinus officinalis";"L.";"Rosmarinus officinalis";"L.";"Lamiaceae";"Rosmarinus";"officinalis";"species"
1114;"Rosmarinus tomentosus";"Rosmarinus tomentosus";"Hub.-Mor. & Maire";"Rosmarinus tomentosus";"Hub.-Mor. & Maire";"Lamiaceae";"Rosmarinus";"tomentosus";"species"
1121;"Rubus caesius";"Rubus caesius";"L.";"Rubus caesius";"L.";"Rosaceae";"Rubus";"caesius";"species"
2121;"Rubus idaeus";"Rubus idaeus";"L.";"Rubus idaeus";"L.";"Rosaceae";"Rubus";"idaeus";"species"
121;"Rubus spp.";"Rubus";;"Rubus";"L.";"Rosaceae";"Rubus";;"genus"
3121;"Rubus ulmifolius";"Rubus ulmifolius";"Schott";"Rubus ulmifolius";"Schott";"Rosaceae";"Rubus";"ulmifolius";"species"
166;"Rumex lunaria";"Rumex lunaria";"L.";"Rumex lunaria";"L.";"Polygonaceae";"Rumex";"lunaria";"species"
130;"Ruscus aculeatus";"Ruscus aculeatus";"L.";"Ruscus aculeatus";"L.";"Asparagaceae";"Ruscus";"aculeatus";"species"
1130;"Ruscus hypophyllum";"Ruscus hypophyllum";"L.";"Ruscus hypophyllum";"L.";"Asparagaceae";"Ruscus";"hypophyllum";"species"
257;"Salix alba";"Salix alba";"L.";"Salix alba";"L.";"Salicaceae";"Salix";"alba";"species"
357;"Salix atrocinerea";"Salix atrocinerea";"Brot.";"Salix atrocinerea";"Brot.";"Salicaceae";"Salix";"atrocinerea";"species"
457;"Salix babylonica";"Salix babylonica";;"Salix babylonica";"L.";"Salicaceae";"Salix";"babylonica";"species"
858;"Salix canariensis";"Salix canariensis";"C.Sm. ex Link";"Salix pedicellata  subsp. canariensis";"(C.Sm. ex Link) A.K.Skvortsov";"Salicaceae";"Salix";"pedicellata";"subspecies"
557;"Salix cantabrica";"Salix cantabrica";"Rech.f.";"Salix bicolor";"Ehrh. ex Willd.";"Salicaceae";"Salix";"bicolor";"species"
657;"Salix caprea";"Salix caprea";"L.";"Salix caprea";"L.";"Salicaceae";"Salix";"caprea";"species"
757;"Salix elaeagnos";"Salix elaeagnos";;"Salix eleagnos";"Scop.";"Salicaceae";"Salix";"eleagnos";"species"
857;"Salix fragilis";"Salix fragilis";"L.";"Salix × fragilis";"L.";"Salicaceae";"Salix";"fragilis";"species"
957;"Salix purpurea";"Salix purpurea";"L.";"Salix purpurea";"L.";"Salicaceae";"Salix";"purpurea";"species"
57;"Salix spp.";"Salix";;"Salix";"L.";"Salicaceae";"Salix";;"genus"
186;"Salsola spp.";"Salsola";;"Salsola";"L.";"Amaranthaceae";"Salsola";;"genus"
97;"Sambucus nigra";"Sambucus nigra";"L.";"Sambucus nigra";"L.";"Viburnaceae";"Sambucus";"nigra";"species"
197;"Sambucus palmensis";"Sambucus palmensis";;"Sambucus palmensis";"Link";"Viburnaceae";"Sambucus";"palmensis";"species"
297;"Sambucus racemosa";"Sambucus racemosa";"L.";"Sambucus racemosa";"L.";"Viburnaceae";"Sambucus";"racemosa";"species"
2970;"Sambucus racemosa";"Sambucus racemosa";"L.";"Sambucus racemosa";"L.";"Viburnaceae";"Sambucus";"racemosa";"species"
997;"Sambucus spp.";"Sambucus";;"Sambucus";"L.";"Viburnaceae";"Sambucus";;"genus"
2127;"Santolina chamecyparissus";"Santolina chamecyparissus";;"Santolina chamaecyparissus";"L.";"Asteraceae";"Santolina";"chamaecyparissus";"species"
127;"Santolina rosmarinifolia";"Santolina rosmarinifolia";"L.";"Santolina rosmarinifolia";"L.";"Asteraceae";"Santolina";"rosmarinifolia";"species"
1127;"Santolina spp.";"Santolina";;"Santolina";"L.";"Asteraceae";"Santolina";;"genus"
8103;"Sarothamnus scoparius";"Sarothamnus scoparius";;"Cytisus scoparius";"(L.) Link";"Fabaceae";"Cytisus";"scoparius";"species"
5103;"Sarothamnus vulgaris";"Sarothamnus vulgaris";;"Cytisus scoparius";"(L.) Link";"Fabaceae";"Cytisus";"scoparius";"species"
181;"Securinega tinctoria";"Securinega tinctoria";;"Flueggea tinctoria";"(L.) G.L.Webster";"Phyllanthaceae";"Flueggea";"tinctoria";"species"
180;"Sideritis spp.";"Sideritis";;"Sideritis";"L.";"Lamiaceae";"Sideritis";;"genus"
85;"Sideroxylon marmulano";"Sideroxylon marmulano";;"Sideroxylon mirmulans";"R.Br.";"Sapotaceae";"Sideroxylon";"mirmulans";"species"
85;"Sideroxylon mirmulans";"Sideroxylon mirmulans";;"Sideroxylon mirmulans";"R.Br.";"Sapotaceae";"Sideroxylon";"mirmulans";"species"
10;"Sin asignar";;;;;;;;
149;"Smilax aspera";"Smilax aspera";"L.";"Smilax aspera";"L.";"Smilacaceae";"Smilax";"aspera";"species"
292;"Sophora japonica";"Sophora japonica";"L.";"Styphnolobium japonicum";"(L.) Schott";"Fabaceae";"Styphnolobium";"japonicum";"species"
278;"Sorbus aria";"Sorbus aria";"(L.) Crantz";"Sorbus aria";"(L.) Crantz";"Rosaceae";"Sorbus";"aria";"species"
378;"Sorbus aucuparia";"Sorbus aucuparia";"L.";"Sorbus aucuparia";"L.";"Rosaceae";"Sorbus";"aucuparia";"species"
778;"Sorbus chamaemespilus";"Sorbus chamaemespilus";"(L.) Crantz";"Sorbus chamaemespilus";"(L.) Crantz";"Rosaceae";"Sorbus";"chamaemespilus";"species"
478;"Sorbus domestica";"Sorbus domestica";"L.";"Sorbus domestica";"L.";"Rosaceae";"Sorbus";"domestica";"species"
678;"Sorbus latifolia";"Sorbus latifolia";"(Lam.) Pers.";"Sorbus latifolia";"(Lam.) Pers.";"Rosaceae";"Sorbus";"latifolia";"species"
78;"Sorbus spp.";"Sorbus";;"Sorbus";"L.";"Rosaceae";"Sorbus";;"genus"
578;"Sorbus torminalis";"Sorbus torminalis";"(L.) Crantz";"Sorbus torminalis";"(L.) Crantz";"Rosaceae";"Sorbus";"torminalis";"species"
9103;"Spartium junceum";"Spartium junceum";"L.";"Spartium junceum";"L.";"Fabaceae";"Spartium";"junceum";"species"
3103;"Spartium spp.";"Spartium";;"Spartium";"L.";"Fabaceae";"Spartium";;"genus"
1134;"Spiraea hypericifolia";"Spiraea hypericifolia";"L.";"Spiraea hypericifolia";"L.";"Rosaceae";"Spiraea";"hypericifolia";"species"
134;"Spiraea spp.";"Spiraea";;"Spiraea";"L.";"Rosaceae";"Spiraea";;"genus"
176;"Stauracanthus boivinii";"Stauracanthus boivinii";"(Webb) Samp.";"Stauracanthus boivinii";"(Webb) Samp.";"Fabaceae";"Stauracanthus";"boivinii";"species"
253;"Tamarix canariensis";"Tamarix canariensis";"Willd.";"Tamarix canariensis";"Willd.";"Tamaricaceae";"Tamarix";"canariensis";"species"
53;"Tamarix spp.";"Tamarix";;"Tamarix";"L.";"Tamaricaceae";"Tamarix";;"genus"
14;"Taxus baccata";"Taxus baccata";"L.";"Taxus baccata";"L.";"Taxaceae";"Taxus";"baccata";"species"
9077;"Teline linifolia";"Teline linifolia";"(L.) Webb in Webb & Berthel.";"Genista linifolia";"L.";"Fabaceae";"Genista";"linifolia";"species"
9078;"Teline monspessulana";"Teline monspessulana";"(L.) K.Koch";"Genista monspessulana";"(L.) L.A.S.Johnson";"Fabaceae";"Genista";"monspessulana";"species"
9202;"Teline monspessulana";"Teline monspessulana";"(L.) K.Koch";"Genista monspessulana";"(L.) L.A.S.Johnson";"Fabaceae";"Genista";"monspessulana";"species"
9914;"Teline monspessulana";"Teline monspessulana";"(L.) K.Koch";"Genista monspessulana";"(L.) L.A.S.Johnson";"Fabaceae";"Genista";"monspessulana";"species"
165;"Teline spp.";"Teline";;"Genista";"L.";"Fabaceae";"Genista";;"genus"
219;"Tetraclinis articulata";"Tetraclinis articulata";"(Vahl) Mast.";"Tetraclinis articulata";"Mast.";"Cupressaceae";"Tetraclinis";"articulata";"species"
1179;"Teucrium fruticans";"Teucrium fruticans";"L.";"Teucrium fruticans";"L.";"Lamiaceae";"Teucrium";"fruticans";"species"
179;"Teucrium spp.";"Teucrium";;"Teucrium";"L.";"Lamiaceae";"Teucrium";;"genus"
319;"Thuja spp.";"Thuja";;"Thuja";"L.";"Cupressaceae";"Thuja";;"genus"
151;"Thymelaea spp.";"Thymelaea";;"Thymelaea";"Mill.";"Thymelaeaceae";"Thymelaea";;"genus"
4129;"Thymus albicans";"Thymus albicans";"Hoffmanns. & Link";"Thymus albicans";"Hoffmanns. & Link";"Lamiaceae";"Thymus";"albicans";"species"
3129;"Thymus baeticus";"Thymus baeticus";"Boiss. ex Lacaita";"Thymus baeticus";"Boiss. ex Lacaita";"Lamiaceae";"Thymus";"baeticus";"species"
5129;"Thymus granatensis";"Thymus granatensis";"Boiss.";"Thymus granatensis";"Boiss.";"Lamiaceae";"Thymus";"granatensis";"species"
1129;"Thymus mastichina";"Thymus mastichina";"(L.) L.";"Thymus mastichina";"L.";"Lamiaceae";"Thymus";"mastichina";"species"
129;"Thymus spp.";"Thymus";;"Thymus";"L.";"Lamiaceae";"Thymus";;"genus"
2129;"Thymus zygis";"Thymus zygis";"Loefl. ex L.";"Thymus zygis";"L.";"Lamiaceae";"Thymus";"zygis";"species"
277;"Tilia cordata";"Tilia cordata";"Mill.";"Tilia cordata";"Mill.";"Malvaceae";"Tilia";"cordata";"species"
377;"Tilia platyphyllos";"Tilia platyphyllos";"Scop.";"Tilia platyphyllos";"Scop.";"Malvaceae";"Tilia";"platyphyllos";"species"
77;"Tilia spp.";"Tilia";;"Tilia";"L.";"Malvaceae";"Tilia";;"genus"
1164;"Ulex canescens";"Ulex canescens";"Lange";"Ulex canescens";"Lange";"Fabaceae";"Ulex";"canescens";"species"
6103;"Ulex europaeus";"Ulex europaeus";"L.";"Ulex europaeus";"L.";"Fabaceae";"Ulex";"europaeus";"species"
3164;"Ulex minor";"Ulex minor";"Roth";"Ulex minor";"Roth";"Fabaceae";"Ulex";"minor";"species"
157;"Ulex parviflorus";"Ulex parviflorus";"Pourr.";"Ulex parviflorus";"Pourr.";"Fabaceae";"Ulex";"parviflorus";"species"
1103;"Ulex spp.";"Ulex";;"Ulex";"L.";"Fabaceae";"Ulex";;"genus"
256;"Ulmus glabra";"Ulmus glabra";"Huds.";"Ulmus glabra";"Huds.";"Ulmaceae";"Ulmus";"glabra";"species"
56;"Ulmus minor";"Ulmus minor";"Mill.";"Ulmus minor";"Mill.";"Ulmaceae";"Ulmus";"minor";"species"
356;"Ulmus pumila";"Ulmus pumila";;"Ulmus pumila";"L.";"Ulmaceae";"Ulmus";"pumila";"species"
456;"Ulmus spp.";"Ulmus";;"Ulmus";"L.";"Ulmaceae";"Ulmus";;"genus"
956;"Ulmus spp.";"Ulmus";;"Ulmus";"L.";"Ulmaceae";"Ulmus";;"genus"
137;"Vaccinium myrtillus";"Vaccinium myrtillus";"L.";"Vaccinium myrtillus";"L.";"Ericaceae";"Vaccinium";"myrtillus";"species"
1137;"Vaccinium spp.";"Vaccinium";;"Vaccinium";"L.";"Ericaceae";"Vaccinium";;"genus"
1170;"Vella spinosa";"Vella spinosa";"Boiss.";"Vella spinosa";"Boiss.";"Brassicaceae";"Vella";"spinosa";"species"
170;"Vella spp.";"Vella";;"Vella";"L.";"Brassicaceae";"Vella";;"genus"
3115;"Viburnum lantana";"Viburnum lantana";"L.";"Viburnum lantana";"L.";"Viburnaceae";"Viburnum";"lantana";"species"
4115;"Viburnum opulus";"Viburnum opulus";"L.";"Viburnum opulus";"L.";"Viburnaceae";"Viburnum";"opulus";"species"
1115;"Viburnum rigidum";"Viburnum rigidum";;"Viburnum rugosum";"Pers.";"Viburnaceae";"Viburnum";"rugosum";"species"
115;"Viburnum spp.";"Viburnum";;"Viburnum";"L.";"Viburnaceae";"Viburnum";;"genus"
2115;"Viburnum tinus";"Viburnum tinus";"L.";"Viburnum tinus";"L.";"Viburnaceae";"Viburnum";"tinus";"species"
489;"Visnea mocanera";"Visnea mocanera";"L.f.";"Visnea mocanera";"L.f.";"Pentaphylacaceae";"Visnea";"mocanera";"species"
174;"Vitis vinifera";"Vitis vinifera";"L.";"Vitis vinifera";"L.";"Vitaceae";"Vitis";"vinifera";"species"
184;"Withania frutescens";"Withania frutescens";"(L.) Pauquy";"Withania frutescens";"(L.) Pauquy";"Solanaceae";"Withania";"frutescens";"species"
123;"Zizyphus lotus";"Zizyphus lotus";;"Ziziphus lotus";"Lam.";"Rhamnaceae";"Ziziphus";"lotus";"species"
